[ {
  "uid" : "b8df1bf83f8e4564",
  "name" : "test3",
  "time" : {
    "start" : 1625558636780,
    "stop" : 1625558636780,
    "duration" : 0
  },
  "status" : "failed",
  "severity" : "normal"
}, {
  "uid" : "8875fb848c7df569",
  "name" : "test1",
  "time" : {
    "start" : 1625558636806,
    "stop" : 1625558636806,
    "duration" : 0
  },
  "status" : "failed",
  "severity" : "normal"
}, {
  "uid" : "f08970f4026bba12",
  "name" : "test2",
  "time" : {
    "start" : 1625558636810,
    "stop" : 1625558636810,
    "duration" : 0
  },
  "status" : "passed",
  "severity" : "normal"
} ]