{
  "uid" : "b1a8273437954620fa374b796ffaacdd",
  "name" : "behaviors",
  "children" : [ {
    "name" : "test3",
    "uid" : "b8df1bf83f8e4564",
    "parentUid" : "b1a8273437954620fa374b796ffaacdd",
    "status" : "failed",
    "time" : {
      "start" : 1625558636780,
      "stop" : 1625558636780,
      "duration" : 0
    },
    "flaky" : false,
    "newFailed" : false,
    "parameters" : [ ]
  }, {
    "name" : "test1",
    "uid" : "8875fb848c7df569",
    "parentUid" : "b1a8273437954620fa374b796ffaacdd",
    "status" : "failed",
    "time" : {
      "start" : 1625558636806,
      "stop" : 1625558636806,
      "duration" : 0
    },
    "flaky" : false,
    "newFailed" : false,
    "parameters" : [ ]
  }, {
    "name" : "test2",
    "uid" : "f08970f4026bba12",
    "parentUid" : "b1a8273437954620fa374b796ffaacdd",
    "status" : "passed",
    "time" : {
      "start" : 1625558636810,
      "stop" : 1625558636810,
      "duration" : 0
    },
    "flaky" : false,
    "newFailed" : false,
    "parameters" : [ ]
  } ]
}