{
  "uid" : "83edc06c07f9ae9e47eb6dd1b683e4e2",
  "name" : "packages",
  "children" : [ {
    "name" : "scripts.py_test",
    "children" : [ {
      "name" : "test3",
      "uid" : "b8df1bf83f8e4564",
      "parentUid" : "30176b2b110a0c360c95e9ed359ef60c",
      "status" : "failed",
      "time" : {
        "start" : 1625558636780,
        "stop" : 1625558636780,
        "duration" : 0
      },
      "flaky" : false,
      "newFailed" : false,
      "parameters" : [ ]
    }, {
      "name" : "test1",
      "uid" : "8875fb848c7df569",
      "parentUid" : "30176b2b110a0c360c95e9ed359ef60c",
      "status" : "failed",
      "time" : {
        "start" : 1625558636806,
        "stop" : 1625558636806,
        "duration" : 0
      },
      "flaky" : false,
      "newFailed" : false,
      "parameters" : [ ]
    }, {
      "name" : "test2",
      "uid" : "f08970f4026bba12",
      "parentUid" : "30176b2b110a0c360c95e9ed359ef60c",
      "status" : "passed",
      "time" : {
        "start" : 1625558636810,
        "stop" : 1625558636810,
        "duration" : 0
      },
      "flaky" : false,
      "newFailed" : false,
      "parameters" : [ ]
    } ],
    "uid" : "scripts.py_test"
  } ]
}