{
  "uid" : "98d3104e051c652961429bf95fa0b5d6",
  "name" : "suites",
  "children" : [ {
    "name" : "scripts",
    "children" : [ {
      "name" : "py_test",
      "children" : [ {
        "name" : "TestCase",
        "children" : [ {
          "name" : "test3",
          "uid" : "b8df1bf83f8e4564",
          "parentUid" : "d7380e77797de918e7935b433001ed16",
          "status" : "failed",
          "time" : {
            "start" : 1625558636780,
            "stop" : 1625558636780,
            "duration" : 0
          },
          "flaky" : false,
          "newFailed" : false,
          "parameters" : [ ]
        }, {
          "name" : "test1",
          "uid" : "8875fb848c7df569",
          "parentUid" : "d7380e77797de918e7935b433001ed16",
          "status" : "failed",
          "time" : {
            "start" : 1625558636806,
            "stop" : 1625558636806,
            "duration" : 0
          },
          "flaky" : false,
          "newFailed" : false,
          "parameters" : [ ]
        }, {
          "name" : "test2",
          "uid" : "f08970f4026bba12",
          "parentUid" : "d7380e77797de918e7935b433001ed16",
          "status" : "passed",
          "time" : {
            "start" : 1625558636810,
            "stop" : 1625558636810,
            "duration" : 0
          },
          "flaky" : false,
          "newFailed" : false,
          "parameters" : [ ]
        } ],
        "uid" : "d7380e77797de918e7935b433001ed16"
      } ],
      "uid" : "b1f31855374351f3c7a05c95e320e290"
    } ],
    "uid" : "af586ea5ffb1b57fad0f98a55a6d147c"
  } ]
}